{
  "12jMMN2LmaMBgJj7BqhSfHkpwHTgkaFA5D": {
    "added": 1465659337, 
    "auth_key": "ec9ccdcdb2e8a3c2da71ed4594052f2b766e21e09ac08abd0fcfc5b5d0181ac0", 
    "modified": 1465659337.758998, 
    "own": true, 
    "peers": 0, 
    "permissions": [], 
    "serving": true, 
    "size": 55, 
    "wrapper_key": "bf24fdc385f8768bfaf1d1a33583902761362a315a3f4ca297b25f7e65cf10e7"
  }, 
  "137Pk4cqNJTXf9mCayUeAYbAY6jRh7ZW4B": {
    "added": 1464598238, 
    "auth_key": "0fb1aeb2c3b188e8e4e7b104d07374a7f584649449c26395a08bde6442c40725", 
    "modified": 1465634417.836, 
    "own": true, 
    "peers": 0, 
    "permissions": [], 
    "serving": true, 
    "size": 2378294, 
    "wrapper_key": "ed77023c1530c77f6d171ede282a7ffa1baa024f2b448cd1e03e152689d984a4"
  }, 
  "13eoDEFApQpngWr4ajLBfMcDP2pWyhFPfv": {
    "added": 1465659441, 
    "auth_key": "4f8590de4eea4e696089d7cce7b1e68490b20a5b7162c0a979cf2b508240bd25", 
    "modified": 1465659441.870204, 
    "own": true, 
    "peers": 0, 
    "permissions": [], 
    "serving": true, 
    "size": 55, 
    "wrapper_key": "2e31992268025d1f0208986089d84c9d50b65c439685815b43c1d8ea1324fc0b"
  }, 
  "15ubuFHsWWuAM5rhgXHo5TCm4oU6JR2hh7": {
    "added": 1463608065, 
    "auth_key": "5e7de8c37d0b67e546b221f18c4153f4de94fc0683fd367db2ff183d5d90c827", 
    "modified": 1465634417.836, 
    "own": true, 
    "peers": 0, 
    "permissions": [
      "ADMIN"
    ], 
    "serving": true, 
    "size": 2378294, 
    "wrapper_key": "6bcc9d3ac5bf798a1b99594f1abead9293be89eff79c3fcc3b2ed056b92be016"
  }, 
  "17ZKiNPNzcvN2LhaV7c8wqNGa3zTz5w41K": {
    "added": 1464598501, 
    "auth_key": "b10d5003200059f2e3165ebf6cb3bcb661aac10662523de4f1082179edc26c6a", 
    "modified": 1464598584.76621, 
    "own": true, 
    "peers": 0, 
    "permissions": [], 
    "serving": true, 
    "size": 55, 
    "wrapper_key": "9cf4dfba5cfb3f731a079be78af75a0259cef5670428d934af3e795624af1b3b"
  }, 
  "19Y4mzBC2zDHa9Dtt6ZiATjXanTi8UsHL": {
    "added": 1465659791, 
    "auth_key": "471436b549c9feaaf1c9e47a981aad8e5944fc6fdba1c71ccef4d4cb5a8fdcad", 
    "modified": 1465659791.447547, 
    "own": true, 
    "peers": 0, 
    "permissions": [], 
    "serving": true, 
    "size": 54, 
    "wrapper_key": "33c52ff585e53a4b70e3825a2ac65ebdefb6604c4c294957f0da8ee280f74685"
  }, 
  "1C6FSCqj9yY7csZzQZLfvBUqvUD416nZjJ": {
    "added": 1465659471, 
    "auth_key": "bcd61ae72fe23b63da18c281c1ab96162fd0fa22dcbd96049eafc2f4b4e962d7", 
    "modified": 1465659471.957459, 
    "own": true, 
    "peers": 0, 
    "permissions": [], 
    "serving": true, 
    "size": 55, 
    "wrapper_key": "80b45190d2a5fe87056a03eddd18444796357b3e342ec51d66572828a303631e"
  }, 
  "1DEHR6pV2iMfHoaNEKfKEokuLgiwWSEqjT": {
    "added": 1465659911, 
    "auth_key": "716dc589ced9ca1c9dffa253f65405dafe9593307790decc979124963a51fb63", 
    "modified": 1465659911.975152, 
    "own": true, 
    "peers": 0, 
    "permissions": [], 
    "serving": true, 
    "size": 55, 
    "wrapper_key": "84d7e6d4779fc3a105178967dd565154ebabfacf50b920c9302cd6fdabd5c6df"
  }, 
  "1Dc6MFydMNvkmuUqeo1jpDNsrZiJAcReZN": {
    "added": 1465657963, 
    "auth_key": "2a08c65d206f55bc5d72fc532ac07864b2bce3909c7efe177fe810da8400d868", 
    "modified": 1465658316.158136, 
    "own": true, 
    "peers": 0, 
    "permissions": [], 
    "serving": true, 
    "size": 2378294, 
    "wrapper_key": "e2450c2ed49981bb9d2a95968ddec095c53da2e168335a59094b967a4565e33a"
  }, 
  "1JYg9iefP5KdqRYogK8EFhwVQ7B9g6xMLz": {
    "added": 1464599041, 
    "auth_key": "6aab2726aef61a6bf0387be9dc7156a49cf2bd84b8b31b662a49d0bec0da9fe9", 
    "modified": 1466281625.326, 
    "own": false, 
    "peers": 0, 
    "permissions": [], 
    "serving": true, 
    "size": 3739288, 
    "wrapper_key": "54bb2c51345780db540427589d3c3438e77d212c88bc302e829af4a979ffa143"
  }, 
  "1KSVsFWcPGBmm6ktZZHXgDnENRjjVJ7t7r": {
    "auth_key": "28c453a117ababfd144fec441593f9fca87a983455aa8827bbaf95b5b3a4f95f", 
    "own": false, 
    "peers": 0, 
    "permissions": [], 
    "serving": true, 
    "size": 0, 
    "wrapper_key": "8cf3176489e743fb9db4e97b45d0f1430db4c2b322999995e4b90fb44292960a"
  }, 
  "1MTR17wBZ9fQAhJNovStYUM6KV6EV7zwte": {
    "added": 1465726602, 
    "auth_key": "bb87448d41dd0938c1db11b7b0c6509a7e26ae891a48470794a6d7e10f43946a", 
    "modified": 1465726602.550764, 
    "own": true, 
    "peers": 0, 
    "permissions": [], 
    "serving": true, 
    "size": 55, 
    "wrapper_key": "c403b8f44dfd55f13ea0d9236988177265af7c52051330774de9bab38f79312c"
  }, 
  "1PAW3yVfHuRUN6REkNkQMibRAsN1W9x155": {
    "added": 1465659556, 
    "auth_key": "b2f16a55bdeff7f408c4db8fac70a53f93c88ccc0ad218d593d6f62813e66933", 
    "modified": 1465659556.778854, 
    "own": true, 
    "peers": 0, 
    "permissions": [], 
    "serving": true, 
    "size": 55, 
    "wrapper_key": "58f528d37032459225571c0a0d8dd100d91694eb5b7ae4d7672865e48a9c3372"
  }
}